student_id,first_name,last_name,gender,date_of_birth,enrollment_year,grade_level,course_id,course_name,department,credits,instructor_id
709,Kameko,Pencot,M,9/2/1990,2021,12,95,Tax Accountant,Science,3,42
443,Dita,Blowfield,M,12/25/1998,2023,12,87,Human Resources Manager,Math,3,14
374,Melessa,Pie,M,7/1/1998,2021,12,52,Nurse,Physical Education,5,34
632,Rachele,Dovinson,M,8/9/1990,2020,11,73,Legal Assistant,English,5,12
585,Sidonnie,Crighton,M,5/25/1996,2018,9,93,Technical Writer,Science,5,8
911,Terry,Haste,F,11/11/2004,2020,9,78,Dental Hygienist,Math,4,23
948,Bevin,Jellico,M,10/23/2004,2022,10,82,Environmental Specialist,Math,4,46
812,Caldwell,Marzella,F,8/6/2000,2023,12,39,VP Sales,History,3,44
611,Rafe,Falla,M,9/19/1996,2015,12,38,Editor,Physical Education,5,12
566,Ardith,Loweth,F,11/29/1993,2015,10,89,Assistant Professor,Math,4,20
649,Asa,Oliveto,M,3/9/1993,2018,11,77,Actuary,Math,3,15
148,Jillian,Skegg,M,3/10/1994,2019,12,24,Safety Technician IV,Computer Science,3,3
690,Ilario,Wardroper,F,3/14/1990,2018,11,5,Programmer Analyst I,Physical Education,4,49
891,Rosalyn,Tacon,M,5/29/2000,2017,9,90,Senior Developer,Science,3,11
581,Mab,Clingoe,M,7/28/1997,2015,11,48,General Manager,Physical Education,5,49
366,Ruby,Baxster,M,10/31/1990,2017,11,37,Food Chemist,Computer Science,4,10
158,Ulrika,Izaac,M,12/24/1997,2018,12,75,Business Systems Development Analyst,History,3,27
562,Carlen,Oliver,M,7/20/1990,2017,10,41,Editor,Science,5,46
471,Bliss,Chown,F,7/26/1997,2017,10,71,GIS Technical Architect,Science,3,46
62,Fionnula,Nazer,M,3/28/2004,2020,10,90,Recruiter,Physical Education,5,50
788,Colet,Annakin,M,9/29/1994,2016,10,88,Food Chemist,Physical Education,5,20
83,Pietrek,Kineton,F,1/3/1997,2015,12,97,Software Engineer IV,Computer Science,3,21
942,Kendal,Ratledge,F,12/8/1992,2023,11,38,Analog Circuit Design manager,English,3,3
469,Lyndsey,Olivelli,F,6/9/1995,2016,11,19,Assistant Manager,History,5,7
471,Bonni,Semrad,F,7/12/1990,2017,10,62,Statistician I,Math,3,29
200,Costanza,Heephy,M,10/5/1998,2023,11,16,Librarian,Physical Education,4,7
269,Ashly,Oakwood,F,12/12/1991,2017,9,88,Web Designer I,History,4,43
821,Kent,Heymes,F,3/15/1992,2022,9,51,Internal Auditor,Math,3,34
920,Chrissy,Brendeke,M,7/12/1991,2023,12,36,Business Systems Development Analyst,English,3,32
849,Lucretia,Adamec,F,5/4/2000,2017,11,13,Marketing Assistant,Physical Education,3,39
288,Lyell,Gallico,F,12/9/1997,2019,11,33,Statistician IV,English,4,10
10,Hamel,Steely,F,10/11/2001,2019,9,58,Tax Accountant,Physical Education,5,37
696,Kalila,Klees,M,3/18/1993,2020,11,87,Associate Professor,Computer Science,5,18
901,Omero,Thorn,M,11/24/2001,2016,9,55,GIS Technical Architect,English,3,32
382,Prince,Prettjohn,F,2/15/1996,2016,12,1,Legal Assistant,Math,4,17
240,Jolynn,Linacre,F,10/3/2001,2021,9,78,Internal Auditor,Math,3,5
594,Lilian,Fandrich,M,4/7/1993,2016,10,32,Human Resources Manager,English,3,28
639,Anna,McNalley,F,3/10/1998,2021,11,72,Nuclear Power Engineer,Math,4,33
72,Veronike,Yonge,M,1/20/1991,2017,9,27,Media Manager I,English,4,34
394,Enrico,Whittier,M,7/13/2001,2022,12,86,Registered Nurse,English,3,25
611,Delaney,Wickardt,M,1/31/2001,2016,10,71,Web Developer III,Science,5,35
560,Anjela,Myatt,M,10/11/1993,2018,12,90,Help Desk Operator,Physical Education,3,28
622,Corilla,Maffezzoli,M,9/7/1991,2023,12,52,Editor,Computer Science,3,25
625,Janelle,Faccini,F,10/16/2004,2016,12,24,Graphic Designer,Science,4,42
34,Dannye,Bryde,F,6/28/1991,2020,11,59,Electrical Engineer,Science,3,7
503,Starlene,Rastall,F,12/10/2004,2023,12,5,Developer III,Physical Education,5,22
259,Caritta,Rude,F,5/14/1991,2017,11,41,Editor,Math,4,13
332,Adria,Anyon,F,3/11/1996,2018,11,56,Operator,Computer Science,5,13
594,Lindsy,Sealy,F,7/7/1999,2021,11,76,Structural Engineer,Physical Education,4,18
325,Allan,Kyncl,F,5/31/1991,2022,9,24,Marketing Assistant,Math,3,30
593,Colet,MacColl,F,1/26/2004,2020,11,48,Senior Quality Engineer,History,4,23
115,Estevan,Petroulis,M,3/19/1990,2023,12,72,VP Accounting,Science,4,38
577,Omero,Harcourt,M,5/5/1991,2017,12,91,Structural Engineer,Math,5,2
322,Joletta,Dabner,F,4/9/2000,2023,11,7,Design Engineer,Computer Science,5,38
568,Hermie,Adami,F,8/5/2002,2022,9,45,Computer Systems Analyst I,Physical Education,5,1
213,Sebastien,Epilet,F,11/18/1992,2022,12,52,Assistant Media Planner,Science,3,36
852,Hally,Dorman,M,6/5/2005,2017,10,75,Director of Sales,Science,5,3
245,Denny,Karoly,M,11/28/2002,2018,10,93,Project Manager,Computer Science,5,28
52,Roxine,Biasi,F,11/1/2004,2018,10,20,Biostatistician III,Math,5,5
692,Bevin,Manus,M,10/1/1993,2016,12,87,Design Engineer,History,5,20
901,Guilbert,Waszczykowski,M,5/3/1997,2021,9,15,Structural Engineer,Science,4,15
592,Boy,Ace,F,2/14/2002,2015,12,34,Teacher,Physical Education,3,27
398,Huntington,Di Bartolommeo,M,1/1/1991,2016,12,34,Assistant Media Planner,Physical Education,3,21
639,Quintus,De Mitri,M,2/6/2003,2016,9,74,VP Quality Control,Physical Education,3,25
536,Merissa,McTaggart,M,12/9/2000,2021,11,48,Analyst Programmer,English,5,8
983,Siegfried,Linkie,F,12/6/2003,2021,10,17,Dental Hygienist,History,5,22
273,Warren,Semonin,M,11/23/1991,2015,11,76,Structural Engineer,English,3,17
545,Wileen,Gledhall,M,6/5/1997,2017,10,62,Help Desk Technician,Science,3,38
992,Ami,Cantera,M,1/28/2001,2015,10,31,Teacher,Physical Education,4,26
856,Nissa,Skillington,M,2/28/1993,2023,11,93,Software Consultant,Math,3,31
753,Kevin,Reah,M,9/12/2003,2015,9,8,Business Systems Development Analyst,English,3,37
510,Cecilius,Keeble,M,1/13/2000,2020,10,42,Technical Writer,History,4,42
224,Reeta,Mullard,M,8/21/1993,2019,9,72,Staff Accountant III,English,3,42
128,Earlie,Spinelli,M,10/10/1998,2015,10,46,Actuary,Math,3,21
108,Kaleb,Szanto,F,2/20/2002,2018,9,17,Analog Circuit Design manager,History,5,8
629,Kurtis,Kienle,M,7/12/2001,2016,10,39,Account Executive,Science,4,48
178,Emory,Fossey,M,8/28/1990,2015,10,82,Research Associate,History,5,35
149,Clayson,Domone,M,2/16/1999,2023,11,61,Occupational Therapist,Computer Science,3,16
241,Obadias,Byram,F,9/14/1995,2017,11,63,Marketing Manager,History,5,25
783,Phillipp,Dikes,F,8/15/1996,2018,9,7,Clinical Specialist,Math,3,47
279,Gun,Sutty,M,8/4/1994,2019,9,52,Web Designer I,Computer Science,3,4
247,Edouard,Ackrill,F,10/2/1995,2017,11,33,Sales Representative,Computer Science,4,19
533,Abbott,Alti,M,4/27/2002,2022,10,24,Geologist I,Science,5,28
698,Agnola,Froschauer,F,4/28/2000,2017,11,67,Nurse,English,5,49
883,Jelene,Peacock,M,5/13/1992,2017,12,50,Senior Cost Accountant,English,4,36
563,Marylee,Kidder,M,10/10/1991,2021,11,46,Systems Administrator I,Computer Science,4,49
794,Delly,Lebarree,M,3/29/1996,2017,10,17,Systems Administrator I,Science,4,4
571,Audrie,Looks,M,11/24/2003,2018,11,47,Structural Analysis Engineer,Science,4,20
497,Gun,Pittoli,F,9/27/1999,2021,11,53,Accountant II,Math,3,44
574,Kerstin,Tuberfield,M,10/7/2005,2015,12,47,Internal Auditor,Science,3,35
643,Elka,Davidofski,F,2/18/2000,2016,9,64,Analog Circuit Design manager,English,3,30
367,Yehudi,Kingsnoad,F,12/11/1992,2015,11,31,VP Sales,Physical Education,4,16
66,Sashenka,Stuckford,F,1/28/1998,2020,10,85,VP Sales,English,5,49
180,Frans,Poone,F,6/3/1997,2017,11,55,Internal Auditor,English,4,36
9,Aluino,Oakhill,F,7/10/2000,2023,11,62,Teacher,Science,5,4
890,Jehanna,Aguirrezabal,M,9/16/2004,2022,12,90,GIS Technical Architect,Math,3,29
442,Rivy,Ayerst,M,4/14/1997,2016,9,6,Account Coordinator,Science,5,49
549,Scott,Bernaciak,F,5/5/2005,2018,9,28,Programmer II,History,5,24
319,Jeddy,Tourot,F,8/20/2000,2018,12,68,Quality Control Specialist,Science,3,17
558,Lindy,Millam,F,1/3/2004,2019,12,66,Research Associate,English,3,4
546,Ardine,Bison,M,4/29/1997,2018,11,71,Nuclear Power Engineer,Math,4,11
837,Lin,Rawlings,F,10/10/2004,2017,10,21,Director of Sales,Computer Science,5,19
267,Michaelina,Ghiotto,F,8/28/1992,2020,12,17,Civil Engineer,History,3,11
248,Sayres,Crowne,F,1/3/1997,2019,10,32,Executive Secretary,Physical Education,3,39
722,Sorcha,Calvie,F,4/20/2005,2015,10,41,Programmer III,Math,5,3
58,Lilith,Szabo,F,8/25/1996,2023,10,69,Registered Nurse,Science,4,42
514,Rhody,Orro,M,3/2/2005,2019,10,51,Programmer II,Math,3,19
186,Marilee,Tockell,M,1/19/2001,2022,10,81,Staff Scientist,Math,3,50
41,Atlanta,Horwell,M,11/4/2005,2018,12,71,GIS Technical Architect,Computer Science,5,50
327,Sunny,Widdison,M,12/14/2004,2022,11,43,Administrative Assistant II,Computer Science,3,20
629,Gerty,Dewberry,M,5/7/1993,2019,9,79,Senior Editor,Physical Education,5,46
345,Engracia,Bedward,M,7/10/1997,2023,12,41,Senior Financial Analyst,Physical Education,5,26
160,Annis,Abdon,M,10/29/1990,2016,11,90,General Manager,Physical Education,4,41
650,Isahella,Yepiskov,M,10/4/2001,2020,10,80,Programmer I,Computer Science,4,42
80,Fania,Ridgers,F,12/31/1992,2019,10,48,Registered Nurse,Physical Education,3,18
518,Florri,Darwood,F,12/6/2002,2022,12,80,Systems Administrator III,Computer Science,4,29
347,Farand,Quilter,M,7/3/1997,2018,11,6,Media Manager II,Math,5,10
294,Meryl,Rigden,M,9/9/1994,2020,10,18,Accountant III,English,3,44
874,Mortimer,Manvelle,M,8/20/1990,2021,11,72,Social Worker,Physical Education,3,4
155,Auberon,Folomin,F,3/2/2003,2018,12,55,Database Administrator III,Computer Science,3,30
236,Marchall,Swepson,M,5/11/1996,2017,10,20,Editor,Physical Education,5,29
982,Mira,Wrench,F,7/16/2002,2023,12,11,Assistant Manager,Science,5,33
877,Fanechka,Antonnikov,M,9/10/1993,2018,10,8,Structural Analysis Engineer,English,4,43
505,Glenn,Shaplin,F,2/11/2000,2016,9,62,Junior Executive,Physical Education,4,39
194,Caldwell,Venditti,F,5/16/1994,2020,11,66,Developer III,Computer Science,4,14
982,Twyla,Adie,M,9/9/2001,2015,9,80,VP Product Management,Computer Science,3,28
844,Maud,Crossley,M,4/1/2005,2021,12,76,Graphic Designer,Physical Education,5,33
640,Marlin,Kippin,M,7/22/1991,2015,12,35,Research Nurse,English,3,4
690,Morgen,Delcastel,M,1/14/2002,2015,9,33,Safety Technician IV,History,4,27
528,Johannah,Knowlson,F,11/16/1990,2017,10,98,Operator,Science,3,6
589,Fawne,Finlayson,M,3/24/1995,2016,9,64,Developer III,Math,4,7
473,Hyacinth,Moriarty,M,8/25/2005,2016,10,58,Tax Accountant,Science,5,36
432,Giulietta,Elfleet,M,3/13/2003,2020,11,3,Recruiting Manager,Computer Science,5,31
804,Agnes,Normanell,F,11/29/2000,2021,10,47,Internal Auditor,Math,3,47
433,Ulrike,Gilstoun,M,7/2/2005,2018,10,73,Tax Accountant,History,4,32
442,Vicky,Edmund,M,7/24/2002,2023,9,94,Geological Engineer,Physical Education,4,41
362,Hogan,Breinlein,F,1/12/1992,2015,11,86,Administrative Officer,Computer Science,4,20
9,Phillis,Ajam,F,12/6/1993,2019,10,65,Internal Auditor,Computer Science,5,15
254,Toddie,Piscotti,F,2/15/1993,2021,11,26,Executive Secretary,Physical Education,3,28
152,Gwenora,Leith,M,6/26/1994,2016,12,53,Payment Adjustment Coordinator,Computer Science,3,18
287,Klara,Boler,F,1/15/1998,2016,9,30,Recruiting Manager,Science,3,27
868,Dunc,Sterman,M,6/10/1997,2017,11,72,Senior Developer,English,5,12
172,Corbin,McGuiness,M,4/10/1995,2018,11,51,Programmer II,Physical Education,4,39
591,Gianni,Speller,M,1/24/1998,2017,11,7,Research Assistant III,History,4,47
296,Mohandis,Acton,F,4/29/2001,2022,10,43,Quality Engineer,English,5,4
790,Bartel,Edleston,F,6/20/2005,2021,12,80,Teacher,History,3,21
391,Dav,Malby,F,8/13/1994,2020,9,65,Account Executive,Math,4,6
937,Glynnis,Danielczyk,M,1/11/1997,2015,9,18,Programmer I,Math,5,13
934,Nev,Hanley,M,5/13/1996,2017,10,90,Accounting Assistant IV,Science,3,24
830,Chicky,Hassur,M,12/27/2001,2022,10,50,Assistant Media Planner,Physical Education,4,8
673,Mel,Tamblyn,M,7/25/1994,2015,10,39,Internal Auditor,English,5,16
183,Bert,Camillo,M,5/17/1996,2016,12,18,GIS Technical Architect,Physical Education,3,13
833,Rosanne,Hutchinges,F,8/15/1995,2021,12,69,Operator,English,3,21
184,Gayelord,Wait,F,9/21/1996,2021,12,15,Analyst Programmer,Computer Science,3,49
898,Carny,Biscomb,M,7/5/2003,2018,12,98,Editor,Physical Education,3,8
651,Hyatt,Stollmeier,F,12/15/1999,2017,10,86,General Manager,Science,4,46
178,Hesther,Brecknell,M,5/24/1993,2023,12,57,Internal Auditor,History,5,41
516,Mead,Cropton,M,9/20/1995,2023,11,18,Social Worker,Math,3,28
242,Waylin,Presshaugh,M,3/3/2005,2023,12,2,Geological Engineer,Physical Education,4,13
438,Carolin,Dinesen,M,6/17/1997,2017,10,34,Operator,Physical Education,3,47
568,Von,Wheadon,F,7/13/2003,2022,10,71,Research Associate,Math,3,34
325,Jamal,Agutter,F,11/19/2002,2019,9,24,Web Developer II,History,4,22
551,Tyler,Fernandes,M,7/12/2003,2021,9,41,Nurse Practicioner,Math,3,46
759,Artemis,Glowach,M,3/5/1995,2019,11,61,Technical Writer,Science,4,15
661,Shellie,Creamen,M,1/25/2002,2020,10,50,Librarian,Physical Education,5,47
70,Mureil,Luxford,F,7/2/2002,2015,9,23,Account Coordinator,Math,3,2
651,Trixie,Seviour,F,11/7/1998,2022,10,60,Electrical Engineer,Science,5,15
979,Andromache,Broadist,M,4/2/1996,2021,10,7,Office Assistant II,History,5,46
733,Carole,Jandourek,F,2/18/1997,2020,12,90,Accounting Assistant II,Computer Science,5,47
746,Milly,Smees,M,10/24/2002,2022,12,58,Teacher,History,5,13
998,Sydney,Beaument,F,7/12/1992,2017,9,24,Research Nurse,English,3,29
684,Catharina,Trimme,M,9/25/1997,2015,9,12,Research Nurse,Math,3,49
672,Yard,Gronaver,M,6/12/1995,2021,10,28,Data Coordinator,English,3,13
395,Lane,Record,F,1/13/1992,2021,10,89,Civil Engineer,Math,5,13
493,Mile,Winfred,M,5/5/1998,2017,10,32,Actuary,Science,5,2
649,Haskel,Redhole,F,4/29/2004,2021,10,1,VP Marketing,Physical Education,5,35
596,Quill,Brafield,F,3/18/1990,2015,10,10,GIS Technical Architect,Math,3,22
579,Ingram,Wyllis,M,6/19/2001,2017,10,62,Associate Professor,Science,3,17
757,Lorri,Emberson,M,6/3/1997,2015,10,13,VP Sales,Math,5,19
746,Dal,Munnery,F,6/24/1993,2023,11,30,Occupational Therapist,Science,4,25
40,Brittne,Skull,F,11/16/2000,2019,9,80,Senior Cost Accountant,History,4,2
175,Padraig,Eyree,F,1/3/2005,2015,12,99,Speech Pathologist,Physical Education,4,9
236,Paulo,Colthard,F,8/18/1996,2015,11,23,Speech Pathologist,Physical Education,4,13
180,Xenos,Grinnell,M,3/5/1996,2020,12,98,Structural Analysis Engineer,Physical Education,5,28
854,Nicol,Peskin,F,9/24/1998,2016,9,26,Safety Technician I,History,5,10
70,Joy,Cattellion,F,9/25/1999,2023,12,2,Technical Writer,Physical Education,5,26
239,Lina,Coaten,M,5/14/1993,2018,10,12,Budget/Accounting Analyst III,Math,5,42
857,Zea,Ferry,M,4/21/1992,2018,11,83,Recruiter,English,4,48
382,Raphaela,Snaden,F,3/17/1999,2019,11,93,Assistant Media Planner,History,3,12
639,Jordan,Enrrico,M,9/23/1991,2022,10,32,Mechanical Systems Engineer,Physical Education,5,8
162,Cherice,Potte,F,7/20/2001,2015,11,40,Programmer Analyst III,Math,4,28
914,Anthea,Fellow,F,3/11/2005,2017,11,62,Senior Cost Accountant,History,3,29
544,Nichole,Garrow,F,8/26/1994,2015,12,77,Senior Quality Engineer,English,5,13
113,Margareta,Stenner,F,3/30/1993,2023,9,77,Chemical Engineer,English,5,45
478,Giacomo,Hintzer,M,10/8/2001,2015,9,62,Design Engineer,Science,4,18
681,Heddie,Wontner,M,10/14/1995,2018,9,63,Senior Developer,Math,4,47
537,Hewitt,Scoles,M,7/31/1997,2016,9,59,Actuary,Science,3,47
280,Son,Topaz,F,6/25/2000,2021,12,44,Web Designer II,English,5,50
659,Jerrome,MacVaugh,M,8/18/1996,2023,11,3,Software Consultant,Physical Education,4,25
609,Ken,Mousley,M,9/3/1995,2018,12,86,Geological Engineer,Computer Science,5,18
161,Adela,Errol,M,6/25/1997,2021,9,88,Senior Cost Accountant,English,3,27
470,Kahlil,McOnie,M,4/14/2004,2022,10,44,Health Coach III,History,4,48
767,Neysa,Hartin,F,5/17/1998,2022,12,39,Senior Sales Associate,History,3,38
395,Ernestus,Kenelin,M,3/26/1996,2018,11,21,Registered Nurse,Computer Science,3,25
93,Westley,Sprake,F,9/25/1992,2022,11,26,Sales Representative,Computer Science,3,11
326,Rasia,Golsworthy,F,12/21/2004,2020,12,51,Desktop Support Technician,Computer Science,5,19
916,Barney,Witnall,F,10/1/1998,2017,11,84,General Manager,Science,4,14
764,Lois,Otterwell,F,4/19/2002,2020,11,1,Nurse Practicioner,English,4,6
105,Ekaterina,Cathee,M,9/20/1994,2015,9,5,Product Engineer,Science,4,6
475,Glad,Alessandrucci,M,11/22/1997,2021,11,44,Clinical Specialist,History,4,10
553,Smith,Eilhersen,F,9/22/1992,2023,9,78,Teacher,Math,5,5
626,Faunie,Judd,M,6/30/2003,2021,9,55,Geologist III,History,5,34
514,Lynnell,Hegdonne,F,7/18/2004,2020,11,84,Payment Adjustment Coordinator,History,4,50
153,Brittany,Gue,M,7/13/2003,2018,9,7,Design Engineer,History,3,29
959,Eda,Castagnone,F,9/18/1996,2023,12,97,GIS Technical Architect,Math,4,1
867,Maury,Tille,M,12/19/1992,2022,9,54,Administrative Officer,English,3,31
688,Alis,Bennike,M,7/19/2005,2018,9,60,Speech Pathologist,Science,5,48
431,Denney,Tompkin,F,5/15/1990,2018,10,40,Environmental Specialist,Science,5,12
806,Adah,Lockwood,M,1/4/1998,2016,12,100,Engineer I,Science,3,34
981,Ursala,Moscon,M,2/12/1996,2015,9,52,Research Associate,Physical Education,3,42
505,Helyn,Besson,M,10/30/2001,2019,11,60,Project Manager,Physical Education,3,37
13,Nataniel,Staples,M,9/23/2001,2022,9,84,Help Desk Operator,History,4,49
28,Estele,Cosker,F,11/27/1992,2016,9,89,Human Resources Manager,Math,3,1
638,Kirbie,Elsy,M,2/5/1997,2021,10,11,VP Product Management,English,5,4
269,Cicily,Clyant,F,11/2/2005,2015,11,5,Environmental Specialist,Math,5,38
831,Codie,Vanini,F,11/13/1996,2017,11,47,VP Sales,English,5,18
307,Koralle,Bee,M,7/13/2001,2020,12,94,Recruiter,English,4,44
902,Renate,Marquot,F,1/21/1990,2018,10,94,Nurse Practicioner,Computer Science,5,46
373,Gilli,Evison,M,4/9/1997,2020,11,81,Programmer Analyst II,Math,3,47
166,Candide,Brugger,F,11/3/1997,2017,10,91,Structural Engineer,Science,5,48
518,Lance,Simonnin,M,1/18/2003,2016,10,66,VP Product Management,History,5,43
41,Cristin,Samuels,M,7/30/1995,2018,12,40,Quality Engineer,History,5,30
378,Bianca,Froud,F,11/25/2005,2020,12,96,Payment Adjustment Coordinator,Computer Science,3,33
512,Dione,Dibnah,M,2/20/1998,2022,10,23,Budget/Accounting Analyst III,Physical Education,3,5
696,Lolly,Claffey,M,6/6/2000,2018,11,48,Media Manager II,History,3,30
81,Lise,Trye,M,7/6/1992,2021,11,33,Automation Specialist III,Math,4,24
698,Kaleb,Biggadike,F,3/24/2003,2020,10,8,Cost Accountant,Science,5,16
958,Ranee,Ashall,F,11/30/2001,2020,12,65,Compensation Analyst,Math,3,34
926,Judon,Bruhn,F,8/25/1998,2018,12,84,Account Representative III,Computer Science,5,23
471,Malvina,Wither,M,10/9/2000,2020,11,26,Senior Sales Associate,Science,3,34
106,Vida,Lambot,F,5/24/1997,2016,9,96,Assistant Professor,English,3,32
569,Durant,Barajas,F,11/4/1997,2020,9,95,Mechanical Systems Engineer,Math,3,10
241,Sig,Walne,F,12/16/2004,2016,10,62,Human Resources Assistant II,English,5,1
468,Daryl,Dudderidge,F,4/30/1997,2020,9,93,Assistant Media Planner,Computer Science,3,11
326,Anabelle,Casserley,M,2/2/1990,2017,11,80,VP Quality Control,Science,4,48
725,Adrienne,Costin,M,5/24/2004,2018,12,23,Executive Secretary,Computer Science,3,33
754,Elianore,de'-Ancy Willis,M,11/10/1992,2018,12,68,VP Product Management,English,4,28
409,Louisa,Hadwick,F,3/19/1991,2015,12,11,Director of Sales,Math,3,30
238,Pat,Purviss,M,3/1/1997,2019,9,99,Analog Circuit Design manager,Computer Science,5,2
913,Patsy,Note,M,1/31/1991,2017,12,20,Marketing Assistant,Math,3,24
199,Anett,Lambdin,M,12/8/1994,2019,12,8,Executive Secretary,Computer Science,5,46
348,Bethena,McPhelimey,M,5/8/2001,2022,12,57,GIS Technical Architect,Math,4,47
568,Joete,Hollyman,M,2/10/1992,2023,12,63,Environmental Tech,Science,5,46
313,Ludvig,Fidge,F,9/19/2001,2018,11,37,Executive Secretary,Science,3,31
983,Ermanno,Briskey,M,7/8/2001,2019,9,25,VP Sales,Math,3,37
989,Brianna,Sawers,F,5/15/1991,2022,10,9,Registered Nurse,History,4,44
877,Levin,McGrann,M,4/9/1992,2018,11,85,Administrative Assistant III,Computer Science,5,29
979,Hillery,Bernardeau,M,1/23/1999,2016,9,33,Paralegal,Math,5,2
107,Casey,Hogbin,F,12/29/2002,2018,9,57,Environmental Specialist,Math,5,12
188,Jamie,Sugg,M,1/10/2001,2015,12,34,Health Coach II,History,5,22
971,Eddie,Gealle,M,1/12/2004,2015,9,84,Nurse Practicioner,Math,3,38
660,Edithe,Locksley,M,4/29/1993,2022,10,73,General Manager,Math,3,48
23,Marabel,St. Queintain,F,10/15/2005,2015,12,69,Technical Writer,Computer Science,3,37
921,Vivienne,Ring,M,7/7/1992,2016,11,49,Librarian,History,3,35
808,Lynett,Boodell,M,12/27/2004,2018,12,34,Recruiting Manager,Physical Education,5,18
234,Calley,Benes,M,11/6/2000,2017,9,49,Staff Accountant II,Physical Education,4,26
94,Claudelle,Spybey,M,12/30/1998,2018,11,35,Budget/Accounting Analyst I,Math,5,10
265,Jane,Tremblot,F,7/20/1999,2015,9,96,Sales Representative,Computer Science,5,46
951,Marketa,Battell,M,3/10/1993,2021,12,4,Chief Design Engineer,Physical Education,4,9
179,Lissi,Fuidge,M,3/12/2004,2017,11,40,Pharmacist,Science,5,41
284,Enid,Cartmale,F,1/27/2003,2020,12,32,Safety Technician IV,Computer Science,3,11
819,Ennis,Scutching,F,11/29/1995,2019,11,24,Recruiter,English,4,33
629,Magdalene,Mattacks,M,9/16/2000,2018,10,91,Desktop Support Technician,Physical Education,3,30
947,Jill,Killeen,F,6/14/2001,2018,11,46,Account Coordinator,English,3,24
29,Cyndy,Weippert,F,5/16/1992,2020,11,36,Financial Advisor,English,4,9
508,Thorstein,Iozefovich,F,8/29/1998,2015,12,35,Analog Circuit Design manager,Math,4,20
96,Caroline,Finlay,F,4/16/1992,2022,12,87,Software Consultant,Math,4,34
5,Kathleen,Reville,F,4/29/1999,2022,10,61,Legal Assistant,Science,4,25
720,Bartram,Bernaert,M,3/30/1998,2018,10,74,Civil Engineer,Math,4,11
548,Aubrette,Esby,F,7/4/2004,2022,11,3,Marketing Manager,History,5,30
243,Nicolas,Hickford,F,4/9/2001,2021,9,14,Sales Associate,Science,4,43
885,Ugo,Greneham,F,10/12/2000,2023,9,55,Programmer Analyst IV,Physical Education,4,12
509,Derrick,Ketley,M,4/1/2000,2023,12,28,GIS Technical Architect,Math,3,39
956,Cece,Macauley,M,1/19/1993,2023,9,82,Engineer III,History,4,15
711,Emmi,Rojel,F,5/9/2005,2017,9,3,Business Systems Development Analyst,English,5,1
50,Hall,Seagrove,F,1/7/1994,2018,12,50,Senior Quality Engineer,English,4,21
998,Randee,Van De Cappelle,M,10/25/2001,2023,9,93,Cost Accountant,History,3,50
3,Doloritas,Rozzell,M,9/28/1993,2016,9,70,Internal Auditor,Physical Education,3,43
501,Anette,Seaborn,F,4/5/1994,2019,12,59,Human Resources Assistant III,History,5,10
78,Koressa,Whillock,F,3/1/1998,2020,9,90,Staff Accountant II,Physical Education,5,38
20,Riki,Pullen,M,9/16/2001,2022,11,84,Accountant II,Science,5,7
156,Abe,Hazelhurst,F,4/15/1998,2015,11,81,Administrative Officer,Math,5,40
867,Caye,Addams,M,5/27/1995,2022,10,10,Technical Writer,Science,4,26
827,Hanni,Ruff,M,5/5/1997,2018,11,15,Human Resources Manager,English,4,6
56,Brooke,Aylett,M,2/29/1992,2015,10,53,Senior Quality Engineer,Math,4,17
528,Madge,McCorry,F,8/14/1991,2019,12,59,Safety Technician II,History,4,24
355,Conney,Greatrex,M,12/30/2002,2022,10,72,Operator,Physical Education,5,7
875,Wat,Batcock,M,3/9/1990,2022,12,16,Financial Analyst,Science,3,13
256,Mirilla,Charnley,F,1/21/1992,2015,10,14,Account Executive,History,5,1
348,Felicity,Mortimer,F,11/20/1999,2021,10,82,Tax Accountant,Computer Science,3,8
771,Carmelia,Wollard,F,11/16/1991,2019,9,42,Associate Professor,Physical Education,5,28
57,Romonda,Cathcart,M,10/6/2005,2015,11,7,Research Assistant IV,Science,4,3
241,Brandais,Charlotte,M,10/22/2001,2018,9,63,Office Assistant III,English,4,42
93,Faunie,Walding,M,2/8/1998,2016,9,27,VP Marketing,English,3,47
717,Gonzalo,Skinner,F,2/27/2005,2023,10,52,Automation Specialist II,Math,5,24
869,Alidia,Laviss,M,5/11/2003,2015,10,56,Librarian,Computer Science,4,1
438,Rodd,Fussey,F,9/28/1997,2023,11,2,Quality Engineer,Computer Science,3,4
483,Genni,Jenkinson,F,3/2/1994,2020,9,5,Executive Secretary,Science,3,45
631,Arabelle,Sofe,F,10/13/1995,2017,9,5,Actuary,Computer Science,5,21
219,Sandi,Bonick,F,3/6/2003,2019,9,25,Payment Adjustment Coordinator,English,3,27
325,Ellis,Mersey,M,10/10/1998,2017,12,2,Safety Technician I,Physical Education,5,41
571,Pieter,Cullity,M,7/15/1994,2019,12,63,Staff Accountant II,Math,5,33
806,Henrik,Overal,M,12/25/1990,2023,12,84,Structural Engineer,Math,3,32
215,May,Cowen,M,10/26/1998,2015,11,96,Account Coordinator,Science,3,47
133,Keeley,Sinisbury,M,9/5/2001,2020,11,61,Professor,Physical Education,3,29
858,Amery,Whetton,F,8/9/1997,2019,11,9,Senior Developer,English,3,12
63,Philipa,Henric,M,6/1/1992,2016,9,51,Programmer Analyst IV,Physical Education,5,40
251,Erek,Tredwell,M,8/26/2001,2021,12,88,Chief Design Engineer,Physical Education,3,13
593,Ben,Vasenkov,M,2/6/2000,2017,9,74,Software Engineer III,Science,5,43
517,Starr,Moorfield,F,1/19/1995,2023,10,49,Nuclear Power Engineer,Science,5,48
574,Artemus,MacNucator,M,10/28/1992,2023,9,63,Electrical Engineer,Physical Education,3,37
962,Otha,Gwatkins,F,6/24/2001,2021,10,16,Senior Developer,History,3,21
841,Sonnie,Schimann,M,2/24/1993,2020,9,69,Editor,Math,5,28
433,Sofia,Gallier,F,12/3/2002,2015,11,33,Database Administrator III,English,4,26
905,Dori,Barkas,M,5/20/1995,2015,9,59,Safety Technician II,Math,4,31
917,Alexandro,Aizikovitch,F,4/20/2004,2022,12,54,Help Desk Operator,Math,5,45
886,Janos,Flipsen,F,12/6/2005,2021,12,57,Food Chemist,Computer Science,3,45
48,Paulie,Shillinglaw,M,11/4/1995,2023,12,30,Nurse,Computer Science,5,22
443,Feodora,Sinson,M,6/19/1995,2015,12,14,Staff Accountant I,English,5,32
465,Loralyn,Woollcott,M,7/11/2003,2020,11,11,Help Desk Technician,English,4,20
999,Garfield,Cawthron,F,6/14/1998,2015,11,89,Pharmacist,English,5,28
590,Pierre,Burchett,M,11/23/2001,2019,12,20,Associate Professor,English,5,39
564,Chrystal,Gartan,M,8/5/1997,2018,11,68,Human Resources Assistant III,History,3,25
357,Rene,Aiskovitch,F,11/9/2002,2017,11,63,Civil Engineer,Physical Education,3,26
425,Liesa,Hassekl,M,3/9/2003,2016,10,27,Account Executive,Physical Education,5,39
588,Lou,Macenzy,M,3/30/2000,2015,12,67,Help Desk Operator,History,5,40
656,Karly,Castagna,M,11/17/1998,2022,10,80,Senior Cost Accountant,Science,3,15
296,Moreen,Fearfull,M,8/20/2005,2022,12,53,Junior Executive,English,5,24
2,Steffi,Mountfort,M,3/31/1997,2015,11,58,Engineer III,Physical Education,4,36
361,Osbourne,Tamblyn,F,7/7/1990,2021,11,9,Marketing Assistant,Math,5,10
32,Raimund,Bullivent,M,9/27/1994,2021,11,77,Chemical Engineer,Computer Science,3,33
479,Cointon,Sey,M,4/10/1991,2020,10,45,Nurse,Computer Science,5,8
722,Julie,Lowle,F,3/20/1992,2017,10,32,Marketing Manager,Science,3,6
128,Morgen,Skullet,M,10/29/2000,2018,12,25,Marketing Assistant,English,4,22
310,Danielle,Bruce,F,5/31/1997,2019,11,65,Analyst Programmer,Physical Education,3,3
872,Elenore,Scholfield,M,9/16/1999,2019,9,67,Financial Analyst,History,5,4
830,Kaycee,Bruton,F,2/1/1991,2018,10,33,Mechanical Systems Engineer,Science,3,28
193,Rebbecca,Mannering,F,12/7/1998,2015,11,62,Director of Sales,Science,5,38
410,Trudi,Mansfield,F,6/25/1995,2021,10,41,Accountant I,Math,4,11
438,Ezra,Kilday,M,12/30/1993,2016,12,88,Chief Design Engineer,Math,3,49
24,Bogey,McCarter,M,2/16/1992,2020,10,66,Geologist III,Science,4,18
744,Tiff,Culy,M,6/28/1990,2020,10,16,Social Worker,Math,4,2
863,Nickolai,Kohter,M,9/22/1993,2017,10,46,VP Marketing,English,3,19
38,Meredeth,Androli,F,4/4/1994,2021,9,5,Teacher,Science,4,11
659,Corette,Zima,M,5/24/1994,2016,11,82,Cost Accountant,Science,3,30
673,Kattie,Walcher,M,10/7/1992,2018,12,20,Chemical Engineer,Physical Education,5,6
634,Becky,Hordle,F,5/19/1997,2022,10,10,Automation Specialist II,History,5,7
320,Margarete,Wimes,M,11/2/1991,2017,12,95,Accounting Assistant III,Computer Science,4,47
274,Ewan,Yerlett,F,6/20/1995,2018,10,14,Senior Editor,Science,4,17
892,Hildagard,Gallihaulk,F,12/26/1992,2023,10,80,Dental Hygienist,English,3,10
792,Hilly,Grantham,F,4/7/1993,2018,12,55,VP Accounting,Science,4,32
693,Bryna,Gocher,M,4/20/1997,2016,11,99,Design Engineer,Computer Science,3,17
509,Lauraine,Wilbraham,F,11/15/2002,2020,10,30,Assistant Professor,Science,5,36
621,Harriett,Mauditt,M,12/21/1993,2016,12,65,VP Accounting,History,4,5
732,Levy,MacKeague,M,5/9/1991,2023,11,91,Information Systems Manager,Math,5,44
552,Jorgan,Essame,F,4/3/1993,2020,10,59,Social Worker,English,3,49
215,Wylie,Sever,M,10/3/2000,2015,11,97,Chief Design Engineer,Math,4,3
558,Gaultiero,Pembry,F,1/17/1999,2015,9,57,Programmer Analyst II,Math,3,16
801,Maison,MacAllaster,M,8/24/1991,2018,12,7,Media Manager IV,English,3,23
476,Randy,Gillani,F,12/1/1995,2015,12,28,Office Assistant I,History,5,13
947,Rayna,Losty,F,3/28/2004,2015,11,30,Programmer I,Computer Science,5,16
294,Victor,Mannakee,M,8/14/2004,2015,11,97,Food Chemist,History,3,50
695,Marji,Brosini,F,8/17/1990,2023,11,86,Human Resources Assistant III,English,4,9
160,Pammi,Sorrie,M,11/4/1998,2015,9,33,Editor,Physical Education,4,16
423,Sadye,Lockey,M,1/25/1998,2022,9,98,Programmer IV,Physical Education,4,1
209,Sharleen,Weighell,M,3/14/2000,2021,12,86,Financial Advisor,Math,4,9
607,Dodi,Tampen,F,5/25/1995,2023,10,2,Staff Scientist,Computer Science,3,26
211,Isahella,Burhill,F,11/3/1990,2020,9,73,Tax Accountant,Math,5,24
395,Kit,O'Kelly,F,9/7/1990,2021,10,40,Sales Associate,Computer Science,4,21
793,Birk,Farington,F,1/14/1998,2020,12,75,Senior Financial Analyst,English,5,20
541,Fletcher,Standfield,M,6/25/1991,2015,11,34,Help Desk Operator,English,4,4
289,Katrine,O'Docherty,F,1/3/2004,2022,11,43,Safety Technician I,Science,5,20
636,Nicholas,Martijn,M,12/1/2002,2020,12,49,Assistant Media Planner,Math,3,34
699,Durante,Heardman,M,1/23/2002,2017,11,59,Research Nurse,Science,4,40
323,Isidoro,Stittle,F,10/21/1992,2021,9,61,Legal Assistant,Science,4,11
832,Phyllida,Vigne,M,6/6/1993,2021,9,17,Senior Quality Engineer,Science,5,31
91,Arabele,Cathie,F,1/21/2003,2016,11,90,Operator,Science,4,27
116,Verene,Birtle,F,4/15/1996,2022,11,42,Electrical Engineer,Math,5,37
855,Lancelot,Whitewood,M,11/15/1997,2022,12,32,Senior Quality Engineer,English,3,43
918,Maure,Dahlen,F,2/21/1996,2018,11,34,Sales Associate,Math,3,50
389,Cort,Danilin,F,11/29/2000,2018,10,96,GIS Technical Architect,History,5,47
153,Kiley,Shaddock,M,8/23/1992,2021,9,86,Computer Systems Analyst II,English,3,25
10,Stu,Tidbald,M,3/16/1993,2021,10,40,GIS Technical Architect,Math,3,35
684,Candis,Antonin,F,4/2/1996,2016,10,2,Human Resources Manager,Computer Science,4,50
150,Arlen,Hencke,F,4/21/1991,2015,12,58,Tax Accountant,History,4,22
397,Merridie,Rubens,M,2/1/1995,2022,11,24,Product Engineer,English,3,43
135,Mellisa,Birtwistle,F,12/21/2004,2020,12,42,Mechanical Systems Engineer,History,3,37
920,Pennie,Benck,M,6/13/1996,2015,9,81,Graphic Designer,English,4,28
231,Jerome,Sergent,F,1/29/1998,2022,11,49,Software Engineer III,Science,4,10
45,Francyne,Slopier,M,11/18/1992,2020,11,12,Marketing Manager,History,3,44
37,Merrie,Blagden,F,4/6/1998,2019,9,47,Assistant Professor,English,5,36
582,Lemar,Itchingham,F,9/5/2003,2016,9,61,Senior Cost Accountant,History,4,29
425,Salomo,Curdell,F,9/27/1996,2016,9,95,Chemical Engineer,English,4,21
760,Orelia,Flett,M,5/31/1995,2021,12,55,Design Engineer,English,4,35
72,Gerek,Antonellini,F,10/16/2000,2016,11,46,Accountant II,History,5,22
471,Henrik,De Freitas,M,10/29/2003,2019,12,48,Environmental Tech,History,5,10
531,Maia,Alfonsetto,F,6/25/2001,2016,10,22,Mechanical Systems Engineer,Computer Science,4,16
981,Pia,Lightowlers,F,2/1/1997,2018,9,20,Nurse,History,4,43
432,Anitra,Onraet,F,4/17/1994,2017,9,35,Registered Nurse,Physical Education,5,37
769,Redford,Kynastone,F,7/2/1991,2017,11,66,Assistant Manager,Science,5,47
962,Sandro,Yankin,M,8/8/2000,2022,11,57,Executive Secretary,Math,3,16
24,Philis,Ambrozik,M,11/12/1994,2018,9,81,Software Engineer I,Science,4,33
607,Rozalie,Wardhough,F,2/9/1997,2023,9,88,Business Systems Development Analyst,History,3,41
786,Bengt,Linnard,M,9/29/2001,2019,12,47,Safety Technician III,History,3,20
48,Stearne,Godding,M,10/20/2003,2017,9,59,Analog Circuit Design manager,History,3,5
305,Sloan,Aronoff,M,10/24/2000,2020,12,14,Registered Nurse,Science,3,9
789,Emmott,Callendar,M,6/24/2003,2015,10,90,Business Systems Development Analyst,English,3,43
944,Noak,Titt,F,2/3/1998,2019,12,60,Cost Accountant,English,5,12
515,Cory,Rawsthorne,F,6/24/1991,2022,10,44,Environmental Tech,Computer Science,5,36
44,Tomas,Bassill,M,10/17/1990,2016,11,68,Tax Accountant,History,4,15
756,Kimbell,Scutter,F,8/18/2005,2015,10,7,Dental Hygienist,Math,5,8
654,Chicky,Hugnot,M,4/8/1996,2019,10,60,Tax Accountant,Physical Education,3,18
883,Allen,Kerr,M,2/16/1999,2017,12,1,Senior Quality Engineer,History,4,50
586,Natalee,Miskelly,F,5/5/2005,2017,9,32,Quality Engineer,Physical Education,4,39
753,Angelique,MacGregor,M,7/21/1999,2017,11,69,Budget/Accounting Analyst IV,Math,5,13
624,Katy,Enoksson,M,4/10/1994,2022,11,96,Editor,History,4,46
586,Prue,Yurenin,M,5/19/2004,2015,12,94,Physical Therapy Assistant,Science,4,36
96,Merralee,Maymond,M,10/4/1996,2019,10,14,Civil Engineer,Science,4,22
39,Yancey,Wagge,M,8/23/2000,2022,12,7,Budget/Accounting Analyst I,Computer Science,3,20
221,Monika,Spraberry,M,11/2/1992,2023,12,37,Statistician I,Math,5,2
279,Gwenny,Sieghart,F,9/15/1999,2017,11,14,Web Designer III,Math,4,43
54,Brit,Cumberlidge,M,8/16/1992,2017,11,67,Health Coach IV,Physical Education,3,24
438,Cece,Bresson,F,7/25/1991,2017,11,82,Civil Engineer,Computer Science,4,30
631,Anton,Dawidsohn,M,6/13/1993,2023,9,26,Administrative Assistant III,English,3,14
517,Karole,Flook,F,12/31/2003,2020,9,49,Actuary,Physical Education,4,26
593,Walden,Lydford,M,4/12/1993,2023,9,13,Environmental Tech,Math,3,49
716,Ardene,Standell,F,12/31/1993,2015,10,40,Human Resources Assistant III,History,5,15
111,Jenni,Brugsma,M,6/23/1991,2018,12,20,Nurse,History,4,5
328,Andonis,Whatson,M,12/13/2002,2022,9,90,Sales Representative,Physical Education,5,5
671,Margette,Izod,F,7/7/1993,2016,12,48,Human Resources Assistant II,Physical Education,4,27
912,Madalyn,Durdle,F,11/26/2002,2022,12,37,Information Systems Manager,Science,5,15
580,Wandie,Rannald,M,7/27/2004,2015,11,94,Account Coordinator,Math,3,49
859,Jemima,Gallard,M,2/4/2003,2020,11,91,Research Associate,History,3,14
372,Wylma,Ruckman,M,9/12/2000,2021,11,25,Research Assistant I,Math,5,36
34,Pietrek,Searsby,M,7/4/1992,2018,9,64,Human Resources Assistant IV,History,4,50
557,Amerigo,Garrud,M,3/10/1991,2021,10,92,Engineer II,Math,4,38
592,Kettie,Newgrosh,F,9/29/1994,2016,11,40,Registered Nurse,Math,5,14
58,Jilli,Ouldcott,F,5/10/1994,2021,10,6,Geologist III,Physical Education,4,40
777,Sande,Apthorpe,M,7/20/2000,2020,12,94,Information Systems Manager,English,4,13
837,Vernor,Maneylaws,M,8/9/1994,2016,11,93,Software Test Engineer III,Math,3,6
67,Ken,Mitroshinov,M,10/29/1990,2019,9,32,Structural Analysis Engineer,Science,4,36
149,Fergus,Liccardi,M,1/5/1992,2022,12,7,Geologist IV,Physical Education,4,42
660,Tyrus,Clemmens,M,2/24/1991,2020,9,97,Research Assistant III,Computer Science,3,40
290,Matti,Holyard,M,9/8/1992,2023,11,65,Senior Quality Engineer,English,5,22
505,Damiano,Alcoran,F,3/14/1999,2021,11,92,Office Assistant I,History,3,19
839,Jeannine,Oylett,M,7/8/1990,2022,12,30,Nurse,Computer Science,3,8
656,Morry,Gommowe,F,10/4/1993,2016,12,77,VP Sales,Physical Education,4,26
208,Wallas,Hun,F,5/13/1993,2022,10,69,Business Systems Development Analyst,Computer Science,4,35
973,Consuelo,Seniour,F,8/11/1990,2020,9,41,Assistant Manager,History,5,20
393,Julius,Letford,F,10/2/2000,2020,11,55,VP Sales,History,5,37
732,Lee,Pesik,M,12/12/1996,2022,9,97,Senior Developer,Science,3,33
309,Gasparo,Alpes,F,5/1/2003,2015,9,60,Staff Accountant II,Science,3,25
65,Carmelina,Palser,F,2/27/2002,2015,11,79,Software Test Engineer I,Science,4,13
601,Harmon,Pottinger,M,10/17/1992,2020,10,60,Biostatistician IV,English,4,4
185,Neville,Frith,F,11/4/2001,2019,10,15,Safety Technician I,History,3,42
931,Hayden,Swayte,M,7/18/2001,2015,10,33,Legal Assistant,Math,3,43
266,Sofie,Everex,F,7/4/1996,2022,10,47,VP Marketing,History,4,31
752,Lenette,Jennions,F,8/9/1997,2015,11,88,Environmental Specialist,History,3,44
42,Emelda,Drane,M,12/23/1992,2015,11,93,Software Test Engineer III,English,5,17
476,Moyna,Maffi,M,11/24/1992,2022,11,20,Data Coordinator,Physical Education,3,37
314,Chauncey,Dawkins,M,1/15/2004,2019,11,52,Financial Advisor,Math,5,39
918,Ursulina,McCloud,F,2/18/2003,2020,11,79,Operator,Physical Education,4,46
922,Ethelind,Jesse,F,10/15/2000,2022,12,14,Automation Specialist I,History,5,33
826,Isis,Jira,F,7/19/1997,2016,11,99,Financial Analyst,History,4,28
290,Ephrayim,Klimko,M,10/11/1991,2017,10,93,Senior Editor,Math,4,7
969,Damon,Brisbane,F,1/27/1992,2016,10,19,Analog Circuit Design manager,English,4,38
925,Lenka,Kassidy,M,10/26/1998,2016,11,14,Budget/Accounting Analyst IV,Computer Science,5,46
229,Pearl,Sieb,M,8/4/1999,2016,11,32,Technical Writer,Physical Education,4,46
811,Dannel,Dudek,M,5/28/2001,2018,10,30,Sales Associate,Computer Science,4,35
674,Diane,Chrichton,F,3/24/1997,2021,10,78,VP Quality Control,Computer Science,3,39
103,Coletta,Swinburn,M,12/10/1995,2021,12,53,Geologist I,Computer Science,4,23
181,Cristi,Baccas,M,11/28/1992,2016,12,77,Product Engineer,English,4,49
18,Rochelle,Zarfati,M,2/6/2004,2021,10,57,Chief Design Engineer,Science,3,12
747,Shayne,Sweetnam,M,1/2/1995,2020,9,24,Business Systems Development Analyst,Science,4,16
270,Hurley,Coleson,F,3/31/2005,2015,10,54,Structural Engineer,Science,4,29
942,Annetta,Hessing,M,4/13/2004,2023,9,22,Financial Analyst,Science,5,4
582,Elva,Torfin,M,11/5/2001,2023,12,85,Food Chemist,Physical Education,4,38
357,Bibi,Mackleden,F,8/14/2000,2021,10,38,Physical Therapy Assistant,Physical Education,4,12
542,Buiron,Milberry,M,5/6/1998,2022,12,80,Assistant Manager,Math,4,35
913,Mara,Wolpert,F,2/24/1997,2021,10,54,Physical Therapy Assistant,Physical Education,3,23
513,Ania,Gosforth,F,12/1/2004,2017,12,60,Human Resources Manager,Computer Science,3,8
749,Edward,Dight,F,10/28/1993,2015,11,57,Payment Adjustment Coordinator,History,5,19
368,Tully,Mullard,M,9/7/1994,2023,9,91,Senior Sales Associate,Physical Education,4,35
809,Dasie,Newtown,F,9/5/2005,2016,10,67,Marketing Assistant,Math,3,9
470,Austine,Kleinplatz,F,3/10/2002,2016,12,91,Nuclear Power Engineer,Math,4,41
370,Alic,Godrich,F,6/15/1991,2018,10,92,Community Outreach Specialist,Computer Science,3,44
60,Sterling,Easeman,F,9/18/2004,2022,11,17,Environmental Tech,Physical Education,4,49
716,Oberon,Weins,M,7/7/1992,2019,12,83,Safety Technician III,Science,3,3
593,Katuscha,Stile,F,12/9/1995,2023,12,38,Research Associate,Computer Science,4,5
675,Julina,De Brett,F,1/16/2000,2021,9,59,Geological Engineer,Math,3,8
